[
	{
		"inputs": [
			{
				"internalType": "contract IERC20",
				"name": "token",
				"type": "address"
			},
			{
				"internalType": "uint256",
				"name": "amount",
				"type": "uint256"
			},
			{
				"components": [
					{
						"components": [
							{
								"internalType": "contract IERC20",
								"name": "token",
								"type": "address"
							},
							{
								"internalType": "uint256",
								"name": "amount",
								"type": "uint256"
							}
						],
						"internalType": "struct IPermit2.TokenPermissions",
						"name": "permitted",
						"type": "tuple"
					},
					{
						"internalType": "uint256",
						"name": "nonce",
						"type": "uint256"
					},
					{
						"internalType": "uint256",
						"name": "deadline",
						"type": "uint256"
					}
				],
				"internalType": "struct IPermit2.PermitTransferFrom",
				"name": "permit",
				"type": "tuple"
			},
			{
				"internalType": "bytes",
				"name": "signature",
				"type": "bytes"
			}
		],
		"name": "depositERC20",
		"outputs": [],
		"stateMutability": "nonpayable",
		"type": "function"
	},
	{
		"inputs": [
			{
				"internalType": "contract IPermit2",
				"name": "permit_",
				"type": "address"
			}
		],
		"stateMutability": "nonpayable",
		"type": "constructor"
	},
	{
		"inputs": [
			{
				"internalType": "contract IERC20",
				"name": "token",
				"type": "address"
			},
			{
				"internalType": "uint256",
				"name": "amount",
				"type": "uint256"
			}
		],
		"name": "withdrawERC20",
		"outputs": [],
		"stateMutability": "nonpayable",
		"type": "function"
	},
	{
		"inputs": [],
		"name": "PERMIT2",
		"outputs": [
			{
				"internalType": "contract IPermit2",
				"name": "",
				"type": "address"
			}
		],
		"stateMutability": "view",
		"type": "function"
	},
	{
		"inputs": [
			{
				"internalType": "address",
				"name": "",
				"type": "address"
			},
			{
				"internalType": "contract IERC20",
				"name": "",
				"type": "address"
			}
		],
		"name": "tokenBalancesByUser",
		"outputs": [
			{
				"internalType": "uint256",
				"name": "",
				"type": "uint256"
			}
		],
		"stateMutability": "view",
		"type": "function"
	}
]